{
  "usingComponents": {
    "pull-down-list": "../../components/pull-down-list/index",
    "pull-down-list-locate": "../../components/pull-down-list-locate/index",
    "pull-down-list-document": "../../components/pull-down-list-document/index",
    "pull-down-list-doctor": "../../components/pull-down-list-doctor/index",
    "text-only": "./text-only/index"
  },
  "navigationBarTitleText": "Rcare system",
  "navigationBarBackgroundColor": "#f6f6f6",
  "navigationBarTextStyle": "black",
  "backgroundColor": "#f6f6f6"
}
